project,date,Config,time_stamp,testcase,seed,fail_count
ABCD,10/9/2019,ABCDEF,12345,Shasahnkasaslk,"['123','345']2",
Proj_1,27/09/2018,Parrot_veify_green_color,60002,LL_there_pipi_none_random,['543289057'],1
Proj_1,27/09/2018,Parrot_veify_green_color,60002,LL_there_pipi_none_random_inst,['72407941'],1
Proj_1,27/09/2018,Parrot_veify_green_color,60002,LLM_catchOops_hare_rand,"['1801530891', '830907331']",2
Proj_1,27/09/2018,Parrot_veify_green_color,60002,LLM_catchOppss_nonhare,['338542882'],1
Proj_1,27/09/2018,Parrot_veify_green_color,60002,LL_prefer_cntr_correct_version,"['486139676', '763695022', '934571762', '1962628155', '1283571447', '191048937', '2031314760', '302512185', '2001347714', '418189006', '1222852619', '1516334821', '617764484', '437411102', '1663978629', '1281928660', '1826043304', '1188901547', '270810527', '473838680']",20
Proj_1,27/09/2018,Parrot_veify_green_color,60002,catch_awara_tall_redhare,"['933176599', '1659278116', '762266341', '325344574', '1134991335', '106322536', '1985939939', '911247093', '1663180499', '108432010']",10
Proj_1,27/09/2018,Parrot_veify_green_color,60002,catch_awara_redhare,"['839582839', '2136135721', '1851883502', '1469337946']",4
Proj_1,27/09/2018,Parrot_veify_green_color,60002,catch_awara_cleardistinct,"['1261561193', '1537648339', '1390017694']",3
Proj_1,27/09/2018,Parrot_veify_green_color,60002,catch_awara_waitrear,"['751875638', '1335514331', '893550005', '61037170', '1235384310']",5
Proj_1,27/09/2018,Parrot_veify_green_color,60002,catch_awara_waitclear,"['1146731115', '671397669', '49854513', '2140184946', '228066516', '1753749242', '282568531', '1666592998', '381146902', '369132766', '1119580922', '419340714', '59056825', '594628045']",14
Proj_1,27/09/2018,Parrot_veify_green_color,60002,catch_awara_rand,"['663942128', '1235351593', '1953837103', '1139533766', '1079079992', '651704443']",6
Proj_1,27/09/2018,Parrot_veify_green_color,60002,catch_awara_rand_laksh,"['1885515047', '1178716158', '1558470458', '1260302875', '2068145284', '478971456', '1826314529', '1050684495']",8
Proj_1,27/09/2018,Parrot_veify_green_color,60002,catch_awara_waitdistinct,['1655135020'],1
Proj_1,27/09/2018,Parrot_veify_green_color,60002,catch_awara_cleardistinct_occupied,['871760973'],1
Proj_1,27/09/2018,Parrot_veify_green_color,60002,cohesion_control_regards,"['140283950', '709634752', '506633432', '615232025', '1718134242', '1543350330', '1404270731', '716952360', '1025364138', '796908803', '1873172993', '1050575663', '491984553', '1556477361', '585605374', '1352338795']",16
Proj_1,27/09/2018,Parrot_veify_green_color,60002,catch_awara_lonecatchop,"['366484471', '2016099640']",2
Proj_1,27/09/2018,Parrot_veify_green_color,60002,LL_rebound_mister_excess,"['1142194850', '782265908', '868979374', '1604671427', '198164842', '2074143921', '148548347', '1021875095', '249526975']",9
Proj_1,27/09/2018,Parrot_veify_green_color,60002,LL_rebound_mister_nonhare_excess,"['1541107932', '2027158613', '749013641', '74936202', '1425837476', '465026567', '924856062']",7
Proj_1,27/09/2018,Parrot_veify_green_color,60002,LL_rebound_rand_excess_with_checker,"['1286034011', '663382638', '167636926', '1391562867', '434823286', '1308674674', '1265972731']",7
Proj_1,27/09/2018,Parrot_veify_green_color,60002,LL_rebound_rand_laksh_excess,['569504778'],1
Proj_1,27/09/2018,Parrot_veify_green_color,60002,LL_rebound_rand_excess,"['809281302', '420386850', '1794476467']",3
Proj_1,27/09/2018,Parrot_veify_green_color,90002,LL_there_pipi_none_random,['957599947'],1
Proj_1,27/09/2018,Parrot_veify_green_color,90002,LL_there_pipi_none_random_inst,['1887186143'],1
Proj_1,27/09/2018,Parrot_veify_green_color,90002,LLlaksh_int_5_8_lakshquant,"['916806554', '1670390953']",2
Proj_1,27/09/2018,Parrot_veify_green_color,90002,LLlaksh_int_6_8_lakshquant,"['2075743381', '271027402', '195342516']",3
Proj_1,27/09/2018,Parrot_veify_green_color,90002,indexed_lm_catchOp,['1099067065'],1
Proj_1,27/09/2018,Parrot_veify_green_color,90002,LLtag_int,"['1123591556', '790051878', '839809212']",3
Proj_1,27/09/2018,Parrot_veify_green_color,90002,LLM_catchOops_hare_rand,"['774334456', '567680678', '263133645', '1987671641', '472945161', '467920982', '432572177', '183055964']",8
Proj_1,27/09/2018,Parrot_veify_green_color,90002,catchAttribute_machine_buffalo,"['1021846666', '988177039']",2
Proj_1,27/09/2018,Parrot_veify_green_color,90002,LL_prefer_cntr_correct_version,"['7880323', '667365528', '292735100', '243758204', '797286262', '965853445', '490931551', '1492767374', '1169597176', '50751633', '350003512', '74931283', '1330303106', '1923816329', '695231989', '1586873061', '167402834', '566730878', '1683650623', '519578370']",20
Proj_1,27/09/2018,Parrot_veify_green_color,90002,catch_awara_tall_redhare,"['872790785', '1421341247', '1796693076', '1964893151', '1241677121', '1946095645', '620766450', '344721000', '1412696510', '1695157933']",10
Proj_1,27/09/2018,Parrot_veify_green_color,90002,catch_awara_redhare,"['1683708556', '1621005708', '1068409109', '1013386537', '204483909']",5
Proj_1,27/09/2018,Parrot_veify_green_color,90002,catch_awara_waitrear,"['120038766', '2103043135', '230330287', '1539063696', '1075411505', '164909917', '120381254']",7
Proj_1,27/09/2018,Parrot_veify_green_color,90002,catch_awara_waitclear,"['22777257', '560925175', '549883151', '1212675', '852073099']",5
Proj_1,27/09/2018,Parrot_veify_green_color,90002,catch_awara_castout,['2049120492'],1
Proj_1,27/09/2018,Parrot_veify_green_color,90002,catch_awara_lonecatchop_nonoverlap,['1595076538'],1
Proj_1,27/09/2018,Parrot_veify_green_color,90002,catch_awara_rand,"['1258366921', '921658634', '1664806655', '2016254755', '1016387388', '2129563250', '1656553790', '1262859278', '63084416', '250003391', '965402002', '507740376', '22895491', '386492615', '758442453', '1280978653', '1986390778', '923112514']",18
Proj_1,27/09/2018,Parrot_veify_green_color,90002,catch_awara_rand_laksh,"['1257507304', '2015161275', '627973870', '1646429194', '403991788']",5
Proj_1,27/09/2018,Parrot_veify_green_color,90002,cohesion_control_regards,"['542745162', '1385555605', '2096497432', '1295199508', '1426719135', '807386018', '333196324', '1054273820', '1150268291', '1232111908', '510354205', '785328061', '1742131432', '560412235', '1850922962', '1702760681', '990699939', '1252048715', '1769804277', '180652957']",20
Proj_1,27/09/2018,Parrot_veify_green_color,90002,catch_awara_lonecatchop,['1119410811'],1
Proj_1,27/09/2018,Parrot_veify_green_color,90002,LL_rebound_flop_excess,"['300325423', '1949710168', '1876270058']",3
Proj_1,27/09/2018,Parrot_veify_green_color,90002,LL_rebound_mister_excess,"['1226811102', '394663740', '129249396', '292930715', '1423788589', '1019673882', '951220511', '864917055', '1465815370', '1077452554']",10
Proj_1,27/09/2018,Parrot_veify_green_color,90002,LL_rebound_mister_nonhare_excess,"['1501912454', '4920383', '1567253377', '2026518173']",4
Proj_1,27/09/2018,Parrot_veify_green_color,90002,LL_rebound_flop_nonhare_excess,['885754939'],1
Proj_1,27/09/2018,Parrot_veify_green_color,90002,LL_rebound_rand_excess_with_checker,"['90499988', '1174497851', '2096379818', '1534263624', '462834261', '1859968165', '857261516', '972561975', '453782807', '373114732']",10
Proj_1,27/09/2018,Parrot_veify_green_color,90002,LL_rebound_rand_laksh_excess,"['2062179645', '1064207449', '1782256105', '373246276']",4
Proj_1,27/09/2018,Parrot_veify_green_color,90002,LL_rebound_mister_castout,['1707416723'],1
Proj_1,27/09/2018,Parrot_veify_green_color,90002,LL_rebound_rand_excess,"['185714048', '478494538']",2
Proj_1,28/09/2018,Parrot_veify_green_color,60003,LL_there_pipi_none_random,['1664180436'],1
Proj_1,28/09/2018,Parrot_veify_green_color,60003,LL_there_pipi_none_random_inst,['1285298934'],1
Proj_1,28/09/2018,Parrot_veify_green_color,60003,LLM_catchOops_hare_rand,"['1435768152', '1111733666', '1719482040']",3
Proj_1,28/09/2018,Parrot_veify_green_color,60003,lm_catchOp_hare_castout_err,['92951684'],1
Proj_1,28/09/2018,Parrot_veify_green_color,60003,LLM_catchOppss_nonhare,['607249597'],1
Proj_1,28/09/2018,Parrot_veify_green_color,60003,ML_catchOopps_hare_overhalling,['363603400'],1
Proj_1,28/09/2018,Parrot_veify_green_color,60003,LL_prefer_cntr_correct_version,"['1381435480', '366983809', '415284333', '760720043', '186578224', '1512909754', '1734243751', '1692077100', '527905549', '33458377', '658128853', '1963807706', '423416732', '1146786855', '1520803104', '12411618', '828703594', '1835748506', '289346322', '818823453']",20
Proj_1,28/09/2018,Parrot_veify_green_color,60003,catch_awara_tall_redhare,"['939091453', '114382041', '1687037620', '1134410122', '1138922968', '1642330831', '1054779051', '866810773', '1391765777', '1510250649']",10
Proj_1,28/09/2018,Parrot_veify_green_color,60003,catch_awara_redhare,"['360204095', '366422249', '534531620', '2121159189']",4
Proj_1,28/09/2018,Parrot_veify_green_color,60003,catch_awara_cleardistinct,"['946960619', '868849045']",2
Proj_1,28/09/2018,Parrot_veify_green_color,60003,catch_awara_waitrear,"['2036475235', '741571863']",2
Proj_1,28/09/2018,Parrot_veify_green_color,60003,catch_awara_waitclear,"['930637834', '1501656972', '1857101201']",3
Proj_1,28/09/2018,Parrot_veify_green_color,60003,catch_awara_rand,"['460898060', '1950090185', '628527963', '1382084893', '479702675', '1818030775', '1923815565', '1623142397', '1152733122', '219479581']",10
Proj_1,28/09/2018,Parrot_veify_green_color,60003,catch_awara_rand_laksh,"['669070567', '308026628', '1474757828', '611001980', '563667234']",5
Proj_1,28/09/2018,Parrot_veify_green_color,60003,catch_awara_way_full,['1547947394'],1
Proj_1,28/09/2018,Parrot_veify_green_color,60003,cohesion_control_regards,"['805371957', '690348999', '190300798', '1895511943', '1648623740', '568186847', '1639094447', '1831195315', '1565246412', '1624513101', '1521048981', '1948864177', '1123818258', '1849972143', '148182986']",15
Proj_1,28/09/2018,Parrot_veify_green_color,60003,catch_awara_lonecatchop,"['1010254047', '1316517206']",2
Proj_1,28/09/2018,Parrot_veify_green_color,60003,LL_rebound_mister_excess,"['1809414951', '1566874427', '363685803', '692119554', '2008215131', '1381307291', '1122353990', '139172321', '647585306', '1482019049', '515509534', '1937200041', '348706919', '704624260']",14
Proj_1,28/09/2018,Parrot_veify_green_color,60003,LL_rebound_mister_nonhare_excess,"['709008573', '1134206084', '1534621124', '274225650', '371701791', '1909474364', '212538363']",7
Proj_1,28/09/2018,Parrot_veify_green_color,60003,LL_rebound_flop_nonhare_excess,['538151663'],1
Proj_1,28/09/2018,Parrot_veify_green_color,60003,LL_rebound_rand_excess_with_checker,"['484737715', '1705040253', '1109661383', '1290364232', '852089690', '1266678709', '2011408905']",7
Proj_1,28/09/2018,Parrot_veify_green_color,60003,LL_rebound_rand_laksh_excess,"['765326038', '1650861669', '1292794865', '1389221923', '1497160622']",5
Proj_1,28/09/2018,Parrot_veify_green_color,60003,LL_rebound_rand_excess,"['1722783719', '1686735255', '464126678', '1061979360', '376233285', '693379459']",6
Proj_1,28/09/2018,Parrot_veify_green_color,60003,LL_perf_inbound_wait_spoon_notclean,['205178356'],1
Proj_1,28/09/2018,Parrot_veify_green_color,90002,LL_there_pipi_none_random_inst,['480808372'],1
Proj_1,28/09/2018,Parrot_veify_green_color,90002,LL_there_pipi_none_random,['336059586'],1
Proj_1,28/09/2018,Parrot_veify_green_color,90002,LLlaksh_int_no_catch,['194749825'],1
Proj_1,28/09/2018,Parrot_veify_green_color,90002,LLlaksh_int_5_8_lakshquant,['1024781039'],1
Proj_1,28/09/2018,Parrot_veify_green_color,90002,LLlaksh_int_6_8_lakshquant,"['1730655283', '885758784', '337534321']",3
Proj_1,28/09/2018,Parrot_veify_green_color,90002,LLtag_int,"['159103457', '1839086309', '1578659245']",3
Proj_1,28/09/2018,Parrot_veify_green_color,90002,LLM_catchOops_hare_rand,['945742611'],1
Proj_1,28/09/2018,Parrot_veify_green_color,90002,ML_catchOopps_hare_overhalling,['1850298310'],1
Proj_1,28/09/2018,Parrot_veify_green_color,90002,LL_prefer_cntr_correct_version,"['849770086', '1634024303', '283208747', '157918021', '2096275118', '1571682679', '903234355', '53922683', '144648042', '1602459941', '467084536', '888732096', '579122008', '1978508032', '1598461371', '868945288', '515291193', '1340773710', '661570794', '1559924856']",20
Proj_1,28/09/2018,Parrot_veify_green_color,90002,catch_awara,['50029286'],1
Proj_1,28/09/2018,Parrot_veify_green_color,90002,catch_awara_tall_redhare,"['1617992642', '1736421752', '697771158', '1572353491', '475909755', '1573831581', '499543335', '1534894921', '135158639', '659889287']",10
Proj_1,28/09/2018,Parrot_veify_green_color,90002,catch_awara_redhare,"['2089812102', '1993330306', '1908922569', '2016622285', '1187194260', '197408252']",6
Proj_1,28/09/2018,Parrot_veify_green_color,90002,catch_awara_cleardistinct,"['1542273749', '1201384680', '1556360759', '1290295341', '208452350']",5
Proj_1,28/09/2018,Parrot_veify_green_color,90002,catch_awara_waitrear,"['228527729', '1916647513', '288168829', '518442780', '1033263818', '1699527678']",6
Proj_1,28/09/2018,Parrot_veify_green_color,90002,catch_awara_waitclear,"['254042412', '922259717', '1352985020', '95689406', '543865174', '1875129898', '1823441728', '39050508']",8
Proj_1,28/09/2018,Parrot_veify_green_color,90002,catch_awara_lonecatchop_nonoverlap,['1400171687'],1
Proj_1,28/09/2018,Parrot_veify_green_color,90002,catch_awara_rand,"['393249209', '300985218', '314912667', '526765237', '2146401046']",5
Proj_1,28/09/2018,Parrot_veify_green_color,90002,catch_awara_rand_laksh,"['927171040', '2096208860', '1119898168', '1922966404', '347269471', '419852396', '1156335209', '1550969590', '2038085909', '315143488', '786341710']",11
Proj_1,28/09/2018,Parrot_veify_green_color,90002,catch_awara_waitdistinct,['1390567334'],1
Proj_1,28/09/2018,Parrot_veify_green_color,90002,cohesion_control_regards,"['29234915', '746728614', '610513421', '1977614058', '1709593931', '358384601', '1807426044', '755888298', '1175027453', '775946317', '791539937', '674847280', '299649813', '215552526', '815383711', '1566358099', '1763656160', '1138953109', '839126600']",19
Proj_1,28/09/2018,Parrot_veify_green_color,90002,catch_awara_lonecatchop,"['1575647622', '672650131']",2
Proj_1,28/09/2018,Parrot_veify_green_color,90002,LL_rebound_flop_excess,"['1957960071', '1506295791', '1666627599', '1600392478', '903853049', '1516655416', '126553163', '1336947118', '560204176', '1899326290', '564784740', '990597401']",12
Proj_1,28/09/2018,Parrot_veify_green_color,90002,LL_rebound_mister_excess,"['1706311847', '1865886418', '2068682093', '1814106409', '1431893874', '1862115714', '1906617929', '149691644', '1043549208', '1015069991']",10
Proj_1,28/09/2018,Parrot_veify_green_color,90002,LL_rebound_mister_nonhare_excess,"['1394015125', '669242174', '1688928151', '774909174', '1168475925', '1008612866', '390164282']",7
Proj_1,28/09/2018,Parrot_veify_green_color,90002,LL_rebound_rand_excess_with_checker,"['970803249', '1752949663', '655866075', '1296197523', '1454802502', '495129031', '664863826', '2031865666']",8
Proj_1,28/09/2018,Parrot_veify_green_color,90002,LL_rebound_rand_laksh_excess,"['1252429227', '886577994', '1490234720', '455262562']",4
Proj_1,28/09/2018,Parrot_veify_green_color,90002,LL_rebound_rand_robe,['527313473'],1
